"","ID.true","WhoseList"
"1","5ba286e8821f7600011d09f2","Isidora"
"2664","5d3db07f00fd1d001cfbaddd","Anouch"
"5328","6150fb8383f88eae3e5c795a","Isidora"
"7992","5c330cefca23620001b262b1","Brent"
"9515","5ee0e5063f7f190b2b3f3b14","Brent"
"11039","611e64ad7ea7083dd09ce1dc","Isidora"
"13703","647fbfa8a2c006cbd09a7166","Isidora"
"16366","5afa5252672ea800010d97e6","Isidora"
"19030","5d16badb7b0154001a282fdb","Anouch"
"21693","5f7d01280241ec1d52e200c1","Brent"
"23216","5ed2f6cb0777090009f71d01","Anouch"
"25880","60fd2b7dcea367e25e07479a","Isidora"
"28543","59d0ec2446447f00011f0254","Brent"
"30066","5fbae54831099083583afff0","Isidora"
"32729","5ea95ca4936cd3035f7e3e3a","Brent"
"34252","5f09f9a38bf3690ea1c20c96","Brent"
"35775","5dc916d584b21f64f98d61dd","Brent"
"37299","559c3a4dfdf99b32b6963e70","Isidora"
"39962","5d38fb96a2087f0019272bc0","Anouch"
"42625","6479c87daabda4a5809a752d","Brent"
"44148","569a0ecb25d9e90006b0900f","Anouch"
"46811","63617d69f2a3425296c8d89e","Isidora"
"49476","577f70d1454e5400015f1845","Isidora"
"52140","5ca749ff98b35f0001f7559d","Brent"
"53663","642f45dda7fbedcf5a96c451","Brent"
"55186","6109a5154bfaad8f41606b51","Brent"
"56710","5a02083e087f2e0001eadbdb","Isidora"
"59374","6033fd8bc8659800086d87b0","Brent"
"60897","5cd10012174fc60016c10ffd","Brent"
"62421","5d54b73f1c1de70015d50959","Anouch"
"65085","578678f6900cc80001d2dea5","Isidora"
"67748","60f32eb8d0fa43b7850ae16b","Anouch"
"70412","57a2caf8275be6000135b3aa","Isidora"
"73075","56d857ad4a9be1000a53af36","Brent"
"74599","5d6d26703fb106001bed4b6c","Isidora"
"77262","5f50468c0868af1baaec306c","Anouch"
"79926","6117efedb574017076d5b499","Isidora"
"82590","6462477ceb093758f41d42e9","Anouch"
"85253","63ff85248ee53feba08a05fe","Anouch"
"87916","603586b312863f6333cb8492","Anouch"
"90579","579fbb4a6f13c2000174aafc","Brent"
"92103","614fe09fec9ce4a2a415476d","Isidora"
"94767","5834a80a106ee1000120abd3","Isidora"
"98955","5efe29d315ba872fa20a9c3d","Anouch"
"101616","5dd8ddcb41fb3f87f7971b4f","Brent"
"103139","5eeba783164680119f2e30c7","Anouch"
"105803","604c116bbb5f48fd0489e799","Isidora"
"108467","5bacc9bc42a1d1000187669b","Anouch"
"111130","6329bd3e699f53922a5da47c","Anouch"
"113794","5c12b0ba17e18d0001e7629e","Brent"
"115317","6157b6f47949b07006a288d1","Anouch"
"117981","589ce4d65e63bf00013b3175","Anouch"
"120644","6100ad3174a06d6fb34718ce","Isidora"
"123307","64d631bbcf9c7ecdca600917","Anouch"
"125970","5dacfb6549a9c000107b7c25","Brent"
"127494","5d8e361e6e920e0014b459d9","Anouch"
"130158","615b153c4573e5f639badcf1","Brent"
"131682","647654b5c93db305ae533763","Anouch"
