,Word,Experiment,V.Mean.Sum,V.SD.Sum,A.Mean.Sum,A.SD.Sum,D.Mean.Sum,D.SD.Sum
0,puke,Ex1a: Conc-Abs (Verbs),1.84,1.01,5.05,2.63,3.09,1.63
1,believe,Ex1a: Conc-Abs (Verbs),7.05,1.36,3.33,2.15,6.56,2.06
2,slap,Ex1a: Conc-Abs (Verbs),2.95,1.43,4.59,2.3,4.78,2.52
3,exploit,Ex1a: Conc-Abs (Verbs),3.65,2.43,5.24,2.14,4.16,2.7
4,exploit,Ex4: Syntactic (N v. V),3.65,2.43,5.24,2.14,4.16,2.7
5,criticize,Ex1a: Conc-Abs (Verbs),2.41,1.26,5.27,2.39,4.7,2.36
6,criticize,Ex2a: Phys-Psych (Verbs),2.41,1.26,5.27,2.39,4.7,2.36
7,criticize,Ex4: Syntactic (N v. V),2.41,1.26,5.27,2.39,4.7,2.36
8,hope,Ex1a: Conc-Abs (Verbs),7.48,1.69,5.29,2.8,6.78,2.07
9,hope,Ex1b: Conc-Abs (Nouns),7.48,1.69,5.29,2.8,6.78,2.07
10,justify,Ex1a: Conc-Abs (Verbs),6.17,1.69,3.2,2.24,6.04,1.84
11,vomit,Ex1a: Conc-Abs (Verbs),1.98,1.48,4.82,2.46,3.44,2.4
12,vomit,Ex1b: Conc-Abs (Nouns),1.98,1.48,4.82,2.46,3.44,2.4
13,smack,Ex1a: Conc-Abs (Verbs),3.95,2.22,5.39,2.21,5.11,2.22
14,cherish,Ex1a: Conc-Abs (Verbs),6.75,1.65,4.14,1.88,7.32,1.45
15,cherish,Ex2a: Phys-Psych (Verbs),6.75,1.65,4.14,1.88,7.32,1.45
16,cherish,Ex4: Syntactic (N v. V),6.75,1.65,4.14,1.88,7.32,1.45
17,running,Ex1a: Conc-Abs (Verbs),6.53,2.14,5.52,2.19,5.89,2.18
18,running,Ex4: Syntactic (N v. V),6.53,2.14,5.52,2.19,5.89,2.18
19,sail,Ex1a: Conc-Abs (Verbs),6.84,1.5,3.74,2.65,6.37,1.77
20,loathe,Ex1a: Conc-Abs (Verbs),2.68,1.92,5.18,2.26,4.77,2.62
21,bleed,Ex1a: Conc-Abs (Verbs),2.47,1.43,5.0,2.31,3.75,1.87
22,bleed,Ex4: Syntactic (N v. V),2.47,1.43,5.0,2.31,3.75,1.87
23,esteem,Ex1a: Conc-Abs (Verbs),6.38,1.16,3.91,2.68,6.45,2.56
24,respect,Ex1a: Conc-Abs (Verbs),6.79,1.72,4.79,2.62,7.26,1.73
25,respect,Ex2a: Phys-Psych (Verbs),6.79,1.72,4.79,2.62,7.26,1.73
26,swing,Ex1a: Conc-Abs (Verbs),6.95,1.61,4.1,2.21,6.16,1.61
27,hug,Ex1a: Conc-Abs (Verbs),8.23,0.87,4.85,2.95,6.8,2.21
28,hug,Ex1b: Conc-Abs (Nouns),8.23,0.87,4.85,2.95,6.8,2.21
29,hug,Ex2a: Phys-Psych (Verbs),8.23,0.87,4.85,2.95,6.8,2.21
30,admired,Ex1a: Conc-Abs (Verbs),7.25,1.37,5.95,2.16,6.94,2.07
31,resent,Ex1a: Conc-Abs (Verbs),3.28,1.73,4.05,2.36,4.21,2.19
32,resent,Ex4: Syntactic (N v. V),3.28,1.73,4.05,2.36,4.21,2.19
33,imagine,Ex1a: Conc-Abs (Verbs),7.2,1.52,4.46,2.69,6.92,1.83
34,imagine,Ex4: Syntactic (N v. V),7.2,1.52,4.46,2.69,6.92,1.83
35,smile,Ex1a: Conc-Abs (Verbs),7.89,2.19,4.62,3.09,7.72,1.18
36,worry,Ex1a: Conc-Abs (Verbs),2.1,1.26,6.33,2.73,3.17,2.57
37,cook,Ex1a: Conc-Abs (Verbs),7.12,1.62,4.33,2.47,6.25,2.63
38,stab,Ex1a: Conc-Abs (Verbs),3.05,1.54,5.17,2.5,4.12,2.67
39,stab,Ex4: Syntactic (N v. V),3.05,1.54,5.17,2.5,4.12,2.67
40,spit,Ex1a: Conc-Abs (Verbs),3.0,1.78,3.57,2.4,4.36,2.74
41,kiss,Ex1a: Conc-Abs (Verbs),7.78,1.64,6.05,3.03,6.52,2.43
42,build,Ex1a: Conc-Abs (Verbs),6.33,1.68,3.38,2.18,6.5,2.01
43,build,Ex2a: Phys-Psych (Verbs),6.33,1.68,3.38,2.18,6.5,2.01
44,obsess,Ex1a: Conc-Abs (Verbs),3.23,1.8,4.95,2.41,4.1,2.45
45,obsess,Ex4: Syntactic (N v. V),3.23,1.8,4.95,2.41,4.1,2.45
46,eat,Ex1a: Conc-Abs (Verbs),7.1,1.73,4.38,2.79,7.26,2.01
47,eat,Ex4: Syntactic (N v. V),7.1,1.73,4.38,2.79,7.26,2.01
48,annoy,Ex1a: Conc-Abs (Verbs),2.49,1.42,5.04,2.4,4.64,2.28
49,scorn,Ex1a: Conc-Abs (Verbs),3.07,1.37,4.53,2.33,4.05,2.54
50,scratch,Ex1a: Conc-Abs (Verbs),4.95,1.65,4.35,2.28,4.5,1.85
51,fulfill,Ex1a: Conc-Abs (Verbs),7.33,1.74,3.67,2.37,6.2,2.02
52,fulfill,Ex4: Syntactic (N v. V),7.33,1.74,3.67,2.37,6.2,2.02
53,kill,Ex1a: Conc-Abs (Verbs),1.81,1.6,6.81,2.54,3.61,2.3
54,enlighten,Ex1a: Conc-Abs (Verbs),7.38,1.12,3.23,2.49,6.3,2.25
55,enlighten,Ex4: Syntactic (N v. V),7.38,1.12,3.23,2.49,6.3,2.25
56,cuddle,Ex1a: Conc-Abs (Verbs),7.6,0.99,3.83,2.96,6.65,2.03
57,cuddle,Ex2a: Phys-Psych (Verbs),7.6,0.99,3.83,2.96,6.65,2.03
58,murder,Ex1a: Conc-Abs (Verbs),1.48,0.81,6.24,2.76,3.38,2.28
59,violate,Ex1a: Conc-Abs (Verbs),2.61,1.5,5.76,2.77,2.85,2.06
60,befall,Ex1a: Conc-Abs (Verbs),3.91,1.54,4.24,2.21,4.27,2.05
61,befall,Ex4: Syntactic (N v. V),3.91,1.54,4.24,2.21,4.27,2.05
62,resentment,Ex1b: Conc-Abs (Nouns),3.0,1.89,5.19,2.46,4.05,2.38
63,chocolate,Ex1b: Conc-Abs (Nouns),7.63,2.01,5.14,2.85,5.88,2.51
64,chocolate,Ex4: Syntactic (N v. V),7.63,2.01,5.14,2.85,5.88,2.51
65,sunshine,Ex1b: Conc-Abs (Nouns),8.14,1.13,5.32,3.11,5.43,2.29
66,sunshine,Ex3: Animacy (Nouns),8.14,1.13,5.32,3.11,5.43,2.29
67,grief,Ex1b: Conc-Abs (Nouns),2.33,1.51,4.95,2.6,3.26,2.31
68,grief,Ex4: Syntactic (N v. V),2.33,1.51,4.95,2.6,3.26,2.31
69,garbage,Ex1b: Conc-Abs (Nouns),2.88,1.42,3.84,2.36,5.15,2.49
70,garbage,Ex4: Syntactic (N v. V),2.88,1.42,3.84,2.36,5.15,2.49
71,failure,Ex1b: Conc-Abs (Nouns),2.15,1.17,5.0,2.49,5.04,3.05
72,failure,Ex4: Syntactic (N v. V),2.15,1.17,5.0,2.49,5.04,3.05
73,gratitude,Ex1b: Conc-Abs (Nouns),6.67,2.15,5.09,2.78,6.71,2.12
74,gratitude,Ex4: Syntactic (N v. V),6.67,2.15,5.09,2.78,6.71,2.12
75,fireplace,Ex1b: Conc-Abs (Nouns),5.95,1.5,5.2,3.0,5.56,2.12
76,fireplace,Ex4: Syntactic (N v. V),5.95,1.5,5.2,3.0,5.56,2.12
77,envy,Ex1b: Conc-Abs (Nouns),3.05,1.85,4.35,2.8,3.16,2.08
78,love,Ex1b: Conc-Abs (Nouns),8.0,1.39,5.36,3.23,5.92,2.92
79,rust,Ex1b: Conc-Abs (Nouns),4.05,1.47,3.42,2.43,4.0,2.24
80,rust,Ex2a: Phys-Psych (Verbs),4.05,1.47,3.42,2.43,4.0,2.24
81,smoke,Ex1b: Conc-Abs (Nouns),3.44,2.23,5.0,2.7,4.17,2.2
82,mold,Ex1b: Conc-Abs (Nouns),2.71,1.58,3.77,2.29,4.5,2.42
83,freedom,Ex1b: Conc-Abs (Nouns),7.72,2.12,5.67,2.3,7.37,1.87
84,freedom,Ex4: Syntactic (N v. V),7.72,2.12,5.67,2.3,7.37,1.87
85,filth,Ex1b: Conc-Abs (Nouns),2.62,1.36,4.09,2.58,4.07,2.27
86,rot,Ex1b: Conc-Abs (Nouns),2.65,1.79,4.72,2.42,3.54,2.54
87,kindness,Ex1b: Conc-Abs (Nouns),7.65,1.76,3.96,2.65,6.95,2.12
88,kindness,Ex4: Syntactic (N v. V),7.65,1.76,3.96,2.65,6.95,2.12
89,rain,Ex1b: Conc-Abs (Nouns),6.58,1.75,3.29,2.19,4.25,2.75
90,laughter,Ex1b: Conc-Abs (Nouns),8.05,1.57,5.39,2.88,7.02,2.08
91,laughter,Ex3: Animacy (Nouns),8.05,1.57,5.39,2.88,7.02,2.08
92,home,Ex1b: Conc-Abs (Nouns),7.48,1.7,3.78,2.37,6.77,2.03
93,home,Ex4: Syntactic (N v. V),7.48,1.7,3.78,2.37,6.77,2.03
94,peace,Ex1b: Conc-Abs (Nouns),7.75,1.5,4.65,2.77,7.17,2.19
95,mud,Ex1b: Conc-Abs (Nouns),5.06,1.21,3.19,1.66,4.27,2.43
96,mud,Ex4: Syntactic (N v. V),5.06,1.21,3.19,1.66,4.27,2.43
97,guilt,Ex1b: Conc-Abs (Nouns),2.29,1.35,4.48,2.98,4.35,2.62
98,injury,Ex1b: Conc-Abs (Nouns),2.32,1.63,5.56,2.33,3.6,2.08
99,regret,Ex1b: Conc-Abs (Nouns),3.41,2.17,4.9,2.36,5.63,2.69
100,beach,Ex1b: Conc-Abs (Nouns),7.21,1.51,5.1,2.23,5.7,2.33
101,beach,Ex4: Syntactic (N v. V),7.21,1.51,5.1,2.23,5.7,2.33
102,stench,Ex1b: Conc-Abs (Nouns),2.62,1.37,4.53,2.46,3.47,2.4
103,shame,Ex1b: Conc-Abs (Nouns),2.62,2.11,5.4,2.64,5.21,2.8
104,compassion,Ex1b: Conc-Abs (Nouns),7.9,1.14,4.5,2.17,6.36,2.32
105,compassion,Ex4: Syntactic (N v. V),7.9,1.14,4.5,2.17,6.36,2.32
106,despair,Ex1b: Conc-Abs (Nouns),3.61,2.08,4.64,2.63,4.05,2.15
107,despair,Ex2a: Phys-Psych (Verbs),3.61,2.08,4.64,2.63,4.05,2.15
108,joy,Ex1b: Conc-Abs (Nouns),8.21,1.18,5.55,2.85,7.0,2.05
109,inspiration,Ex1b: Conc-Abs (Nouns),6.53,1.95,4.77,3.13,6.0,2.18
110,inspiration,Ex4: Syntactic (N v. V),6.53,1.95,4.77,3.13,6.0,2.18
111,happiness,Ex1b: Conc-Abs (Nouns),8.48,0.81,6.5,2.63,7.05,2.16
112,anxiety,Ex1b: Conc-Abs (Nouns),2.38,1.66,4.78,2.89,3.39,1.94
113,anxiety,Ex4: Syntactic (N v. V),2.38,1.66,4.78,2.89,3.39,1.94
114,music,Ex1b: Conc-Abs (Nouns),7.67,1.82,5.57,3.09,6.5,2.25
115,rusted,Ex1c: Conc-Abs (Adjs),3.27,1.64,4.09,2.45,4.26,1.91
116,mindful,Ex1c: Conc-Abs (Adjs),6.7,1.3,6.0,2.7,6.76,1.71
117,freezing,Ex1c: Conc-Abs (Adjs),3.33,1.88,5.84,2.14,4.16,2.27
118,disloyal,Ex1c: Conc-Abs (Adjs),2.27,1.22,5.14,2.46,3.28,2.01
119,soulless,Ex1c: Conc-Abs (Adjs),2.71,1.68,4.76,2.32,3.72,2.56
120,evil,Ex1c: Conc-Abs (Adjs),2.34,1.61,5.67,2.93,3.6,2.62
121,starry,Ex1c: Conc-Abs (Adjs),7.4,1.5,3.96,2.49,5.59,2.47
122,female,Ex1c: Conc-Abs (Adjs),7.52,1.86,5.9,2.9,6.42,2.81
123,headless,Ex1c: Conc-Abs (Adjs),2.95,1.54,5.1,2.79,3.54,2.23
124,hairy,Ex1c: Conc-Abs (Adjs),3.8,1.28,3.5,2.35,5.22,2.41
125,crappy,Ex1c: Conc-Abs (Adjs),2.35,1.57,5.26,2.47,3.92,2.13
126,lovable,Ex1c: Conc-Abs (Adjs),8.26,0.99,5.41,2.72,6.83,2.33
127,pleasant,Ex1c: Conc-Abs (Adjs),7.24,1.51,2.91,2.52,6.7,2.0
128,bloody,Ex1c: Conc-Abs (Adjs),2.86,2.29,5.76,2.32,3.75,2.1
129,pregnant,Ex1c: Conc-Abs (Adjs),7.17,2.33,5.7,2.85,4.06,2.21
130,newborn,Ex1c: Conc-Abs (Adjs),7.48,1.69,4.96,2.86,4.89,2.83
131,human,Ex1c: Conc-Abs (Adjs),6.45,1.74,3.62,1.94,5.71,2.47
132,honest,Ex1c: Conc-Abs (Adjs),8.16,1.12,4.0,2.68,6.7,1.89
133,worthless,Ex1c: Conc-Abs (Adjs),1.89,1.41,4.45,2.91,2.71,1.72
134,possible,Ex1c: Conc-Abs (Adjs),7.14,0.99,3.71,2.1,6.0,1.77
135,divine,Ex1c: Conc-Abs (Adjs),7.15,1.42,3.05,2.33,5.96,2.31
136,dirty,Ex1c: Conc-Abs (Adjs),3.17,1.89,5.05,2.18,5.05,2.89
137,toothless,Ex1c: Conc-Abs (Adjs),2.52,1.5,4.0,2.32,3.52,2.04
138,bloodshot,Ex1c: Conc-Abs (Adjs),2.85,1.53,4.72,2.49,4.04,2.18
139,heartless,Ex1c: Conc-Abs (Adjs),2.8,1.88,4.82,2.3,5.22,2.81
140,thorny,Ex1c: Conc-Abs (Adjs),3.1,1.59,4.92,2.64,3.68,2.13
141,handmade,Ex1c: Conc-Abs (Adjs),7.11,1.85,3.62,2.2,6.36,2.1
142,lilac,Ex1c: Conc-Abs (Adjs),6.95,1.23,3.64,2.46,6.24,2.17
143,thankful,Ex1c: Conc-Abs (Adjs),7.76,1.65,4.52,2.62,6.55,1.99
144,blooming,Ex1c: Conc-Abs (Adjs),7.19,1.25,3.04,2.4,5.0,1.81
145,sunny,Ex1c: Conc-Abs (Adjs),7.95,0.89,5.38,3.09,5.11,2.51
146,helpful,Ex1c: Conc-Abs (Adjs),7.43,1.43,3.88,2.54,6.79,2.37
147,orange,Ex1c: Conc-Abs (Adjs),6.81,1.54,4.04,2.73,5.58,2.36
148,splendid,Ex1c: Conc-Abs (Adjs),7.62,1.28,3.86,2.32,6.69,2.19
149,awful,Ex1c: Conc-Abs (Adjs),2.28,1.96,4.86,2.87,3.06,1.66
150,wrinkled,Ex1c: Conc-Abs (Adjs),3.74,1.45,3.8,2.21,5.04,2.5
151,wrinkled,Ex2b: Phys-Soc (Adjs),3.74,1.45,3.8,2.21,5.04,2.5
152,stupid,Ex1c: Conc-Abs (Adjs),2.84,2.01,4.34,2.6,4.03,2.76
153,sexist,Ex1c: Conc-Abs (Adjs),3.4,2.37,5.72,2.8,4.08,2.72
154,sensible,Ex1c: Conc-Abs (Adjs),6.74,1.05,3.72,1.81,6.0,2.06
155,sinful,Ex1c: Conc-Abs (Adjs),3.37,2.39,5.76,2.34,4.09,2.58
156,rancid,Ex2b: Phys-Soc (Adjs),2.38,1.72,5.16,2.42,4.07,2.42
157,fair,Ex2b: Phys-Soc (Adjs),7.14,1.42,3.29,2.17,6.12,1.9
158,amiable,Ex2b: Phys-Soc (Adjs),6.7,1.42,2.85,1.63,6.14,2.08
159,prosperous,Ex2b: Phys-Soc (Adjs),7.16,1.8,6.0,2.11,6.76,1.35
160,soft,Ex2b: Phys-Soc (Adjs),7.13,1.66,3.04,2.46,6.1,2.56
161,arrogant,Ex2b: Phys-Soc (Adjs),2.52,1.29,5.15,2.13,4.64,2.54
162,oppressive,Ex2b: Phys-Soc (Adjs),3.05,1.22,6.24,2.21,3.43,2.39
163,cruel,Ex2b: Phys-Soc (Adjs),2.73,2.07,5.07,2.43,4.78,2.81
164,gritty,Ex2b: Phys-Soc (Adjs),3.94,2.21,4.36,2.01,4.83,1.97
165,sour,Ex2b: Phys-Soc (Adjs),3.95,1.93,4.95,2.06,4.34,2.33
166,judgmental,Ex2b: Phys-Soc (Adjs),3.0,1.41,5.05,1.72,3.79,2.15
167,slim,Ex2b: Phys-Soc (Adjs),6.63,1.61,4.26,2.07,4.47,2.29
168,brittle,Ex2b: Phys-Soc (Adjs),3.86,1.64,4.42,2.4,4.5,2.04
169,hostile,Ex2b: Phys-Soc (Adjs),2.35,1.18,5.39,2.33,4.36,2.4
170,gorgeous,Ex2b: Phys-Soc (Adjs),7.57,1.66,4.92,2.41,7.05,1.96
171,generous,Ex2b: Phys-Soc (Adjs),7.43,1.83,5.7,2.32,6.81,1.78
172,radiant,Ex2b: Phys-Soc (Adjs),7.29,1.31,5.03,2.55,6.54,1.83
173,scrawny,Ex2b: Phys-Soc (Adjs),3.89,2.13,4.26,1.81,3.61,1.69
174,sturdy,Ex2b: Phys-Soc (Adjs),6.19,1.54,3.27,1.91,6.62,1.72
175,untrustworthy,Ex2b: Phys-Soc (Adjs),2.67,2.03,4.8,2.86,4.22,2.43
176,selfish,Ex2b: Phys-Soc (Adjs),3.3,1.78,4.57,2.35,5.32,2.42
177,corrupt,Ex2b: Phys-Soc (Adjs),3.0,1.74,5.98,2.39,3.7,2.1
178,supportive,Ex2b: Phys-Soc (Adjs),6.95,1.7,3.83,2.81,6.58,2.24
179,compassionate,Ex2b: Phys-Soc (Adjs),7.95,1.22,4.73,2.69,6.86,2.14
180,moldy,Ex2b: Phys-Soc (Adjs),1.95,0.94,4.35,2.29,4.29,1.82
181,lush,Ex2b: Phys-Soc (Adjs),6.48,1.83,4.24,2.3,5.79,2.41
182,manipulative,Ex2b: Phys-Soc (Adjs),2.9,1.92,4.44,2.38,3.67,2.52
183,elegant,Ex2b: Phys-Soc (Adjs),7.0,1.2,4.43,2.59,5.95,2.1
184,polite,Ex2b: Phys-Soc (Adjs),6.57,1.93,2.95,1.86,7.4,1.7
185,fragrant,Ex2b: Phys-Soc (Adjs),7.05,1.18,4.85,2.43,6.0,2.06
186,ugly,Ex2b: Phys-Soc (Adjs),2.47,1.93,4.43,2.18,3.86,2.2
187,smooth,Ex2b: Phys-Soc (Adjs),6.42,1.77,2.76,2.02,6.26,1.88
188,trustworthy,Ex2b: Phys-Soc (Adjs),7.25,1.55,4.22,2.37,7.29,2.1
189,youthful,Ex2b: Phys-Soc (Adjs),6.89,1.97,5.68,2.5,6.0,2.28
190,sympathetic,Ex2b: Phys-Soc (Adjs),6.67,1.93,3.29,2.22,6.3,2.25
191,unjust,Ex2b: Phys-Soc (Adjs),3.16,1.57,6.33,2.2,3.05,1.65
192,obese,Ex2b: Phys-Soc (Adjs),2.32,1.25,3.95,2.46,4.22,2.86
193,clammy,Ex2b: Phys-Soc (Adjs),3.81,1.75,2.95,1.82,3.45,2.3
194,harmonious,Ex2b: Phys-Soc (Adjs),7.7,1.22,4.25,2.92,6.81,1.5
195,dishonor,Ex2a: Phys-Psych (Verbs),2.37,1.57,4.82,2.44,3.79,2.33
196,adore,Ex2a: Phys-Psych (Verbs),7.37,1.38,5.96,2.33,6.26,1.73
197,like,Ex2a: Phys-Psych (Verbs),7.44,1.46,4.4,2.5,6.28,1.45
198,caress,Ex2a: Phys-Psych (Verbs),6.82,1.45,4.6,2.7,6.38,1.86
199,decorate,Ex2a: Phys-Psych (Verbs),6.26,1.59,4.33,2.46,6.95,1.9
200,content,Ex2a: Phys-Psych (Verbs),6.7,2.05,3.17,2.64,5.92,2.57
201,dismay,Ex2a: Phys-Psych (Verbs),3.1,1.07,2.85,1.79,3.95,1.89
202,appreciate,Ex2a: Phys-Psych (Verbs),7.33,1.53,3.1,2.25,7.0,1.46
203,stain,Ex2a: Phys-Psych (Verbs),3.0,1.08,4.27,2.43,4.61,2.48
204,burn,Ex2a: Phys-Psych (Verbs),3.73,1.87,5.4,2.46,3.9,2.28
205,embarrass,Ex2a: Phys-Psych (Verbs),3.38,1.88,5.47,2.74,4.22,2.62
206,discourage,Ex2a: Phys-Psych (Verbs),3.05,1.16,3.73,2.35,3.71,1.95
207,clean,Ex2a: Phys-Psych (Verbs),7.09,1.8,3.57,2.2,6.11,2.0
208,admire,Ex2a: Phys-Psych (Verbs),7.35,1.27,5.0,2.27,7.33,1.65
209,admire,Ex4: Syntactic (N v. V),7.35,1.27,5.0,2.27,7.33,1.65
210,hit,Ex2a: Phys-Psych (Verbs),3.95,2.04,5.48,2.0,5.15,2.52
211,displease,Ex2a: Phys-Psych (Verbs),2.63,0.96,5.71,2.22,4.45,2.28
212,crash,Ex2a: Phys-Psych (Verbs),2.9,2.03,4.55,2.94,3.3,2.24
213,repair,Ex2a: Phys-Psych (Verbs),4.89,1.37,3.38,2.18,5.78,2.35
214,slash,Ex2a: Phys-Psych (Verbs),4.85,1.73,5.65,2.81,4.97,2.37
215,encourage,Ex2a: Phys-Psych (Verbs),7.16,1.26,4.38,2.42,6.2,2.25
216,offend,Ex2a: Phys-Psych (Verbs),3.29,1.76,4.81,2.04,4.17,2.92
217,twinkle,Ex2a: Phys-Psych (Verbs),6.26,1.79,3.72,2.35,5.82,2.38
218,dread,Ex2a: Phys-Psych (Verbs),3.0,1.89,4.5,2.4,3.62,2.2
219,irritate,Ex2a: Phys-Psych (Verbs),3.19,1.69,5.85,2.23,4.39,2.59
220,slaughter,Ex2a: Phys-Psych (Verbs),2.33,1.85,5.77,2.36,3.57,2.28
221,tear,Ex2a: Phys-Psych (Verbs),3.14,1.73,4.8,2.42,5.68,2.45
222,reassure,Ex2a: Phys-Psych (Verbs),6.55,1.76,3.7,2.4,6.07,2.02
223,delete,Ex2a: Phys-Psych (Verbs),4.0,1.52,3.71,2.24,5.39,2.84
224,impress,Ex2a: Phys-Psych (Verbs),6.25,1.62,4.82,2.04,6.62,1.69
225,produce,Ex2a: Phys-Psych (Verbs),6.57,2.09,3.23,1.93,6.57,1.72
226,intruder,Ex3: Animacy (Nouns),2.46,1.83,5.66,2.64,3.18,1.89
227,gunshot,Ex3: Animacy (Nouns),2.79,2.06,5.55,2.86,3.7,1.92
228,princess,Ex3: Animacy (Nouns),7.64,1.94,5.42,2.83,5.74,2.98
229,sibling,Ex3: Animacy (Nouns),7.27,1.16,5.16,2.71,4.81,1.75
230,dictator,Ex3: Animacy (Nouns),2.77,2.18,5.5,2.44,4.19,2.66
231,chipmunk,Ex3: Animacy (Nouns),7.33,1.64,3.8,2.02,4.96,1.9
232,puppy,Ex3: Animacy (Nouns),7.85,1.53,5.84,2.62,6.24,2.15
233,award,Ex3: Animacy (Nouns),7.86,1.15,5.85,2.89,6.9,1.92
234,child,Ex3: Animacy (Nouns),7.2,1.47,5.33,2.59,5.2,2.58
235,sandwich,Ex3: Animacy (Nouns),7.18,1.33,4.94,2.62,5.57,2.2
236,slave,Ex3: Animacy (Nouns),2.06,1.92,4.53,2.68,2.61,2.5
237,slave,Ex4: Syntactic (N v. V),2.06,1.92,4.53,2.68,2.61,2.5
238,feast,Ex3: Animacy (Nouns),7.57,1.4,5.26,3.0,6.21,1.72
239,comedian,Ex3: Animacy (Nouns),7.6,1.19,5.78,2.04,6.48,1.91
240,wiretap,Ex3: Animacy (Nouns),2.95,2.41,5.23,2.47,2.71,1.82
241,corpse,Ex3: Animacy (Nouns),2.45,1.64,4.89,2.22,3.23,2.13
242,corpse,Ex4: Syntactic (N v. V),2.45,1.64,4.89,2.22,3.23,2.13
243,flood,Ex3: Animacy (Nouns),2.76,2.02,5.31,2.6,3.16,2.0
244,swastika,Ex3: Animacy (Nouns),2.33,2.01,5.26,3.03,3.35,2.4
245,smallpox,Ex3: Animacy (Nouns),2.02,1.26,4.9,2.5,3.34,2.39
246,widow,Ex3: Animacy (Nouns),2.28,1.71,3.5,2.4,4.12,1.83
247,duckling,Ex3: Animacy (Nouns),7.18,1.18,3.92,2.37,5.83,2.01
248,pizza,Ex3: Animacy (Nouns),7.89,1.29,4.58,2.72,5.47,2.48
249,poison,Ex3: Animacy (Nouns),2.16,1.46,6.01,2.31,3.38,2.37
250,leech,Ex3: Animacy (Nouns),2.43,1.83,4.09,2.72,4.5,2.64
251,meadow,Ex3: Animacy (Nouns),7.3,1.53,2.62,2.16,6.15,2.39
252,asshole,Ex3: Animacy (Nouns),2.11,1.88,6.38,2.77,2.89,1.91
253,prize,Ex3: Animacy (Nouns),8.0,0.86,5.5,2.84,6.16,2.41
254,mugger,Ex3: Animacy (Nouns),1.9,1.25,5.67,1.83,2.97,2.32
255,inmate,Ex3: Animacy (Nouns),2.67,2.09,4.73,2.91,3.0,1.89
256,bunny,Ex3: Animacy (Nouns),7.3,1.49,3.86,2.72,5.78,2.82
257,husband,Ex3: Animacy (Nouns),7.41,1.74,4.38,2.89,5.72,2.4
258,cocaine,Ex3: Animacy (Nouns),3.05,2.44,4.5,2.77,3.56,2.38
259,maggot,Ex3: Animacy (Nouns),2.0,1.59,5.6,2.38,3.55,1.93
260,doughnut,Ex3: Animacy (Nouns),7.5,1.41,4.5,2.34,5.87,2.12
261,kitten,Ex3: Animacy (Nouns),7.58,1.72,3.19,2.66,6.67,1.87
262,tapeworm,Ex3: Animacy (Nouns),2.19,1.57,4.9,2.86,3.33,2.29
263,excrement,Ex3: Animacy (Nouns),2.0,1.33,4.64,1.73,3.38,1.88
264,heroin,Ex3: Animacy (Nouns),2.74,2.6,4.62,2.07,3.67,2.56
265,dollar,Ex3: Animacy (Nouns),7.39,1.51,5.57,2.73,5.07,2.3
266,hatred,Ex4: Syntactic (N v. V),2.38,1.78,5.22,2.52,4.0,2.33
267,terror,Ex4: Syntactic (N v. V),2.75,1.97,6.35,2.42,2.95,2.27
268,glisten,Ex4: Syntactic (N v. V),6.5,1.67,5.28,2.3,6.0,2.49
269,choke,Ex4: Syntactic (N v. V),2.42,1.92,5.3,2.74,3.74,2.33
270,toxin,Ex4: Syntactic (N v. V),2.42,1.5,5.52,1.89,3.45,1.99
271,breathe,Ex4: Syntactic (N v. V),7.17,1.69,2.6,2.19,6.22,2.67
272,glide,Ex4: Syntactic (N v. V),6.1,1.61,4.58,2.39,6.23,2.52
